{"cameraMode":{"drawMode":0,"name":"Shaded","section":"Shading Mode"},"sceneLighting":true,"audioPlay":false,"sceneViewState":{"showFog":true,"showMaterialUpdate":false,"showSkybox":true,"showFlares":true,"showImageEffects":true,"showParticleSystems":true,"showVisualEffectGraphs":true,"m_FxEnabled":true},"in2DMode":false,"pivot":{"x":-0.7305675745010376,"y":4.186079502105713,"z":-12.852006912231446},"rotation":{"x":-0.28256991505622866,"y":-0.04487530142068863,"z":0.013241717591881752,"w":-0.9580620527267456},"size":7.902286529541016,"orthographic":false}