{"cameraMode":{"drawMode":0,"name":"Shaded","section":"Shading Mode"},"sceneLighting":true,"audioPlay":false,"sceneViewState":{"showFog":true,"showMaterialUpdate":false,"showSkybox":true,"showFlares":true,"showImageEffects":true,"showParticleSystems":true,"showVisualEffectGraphs":true,"m_FxEnabled":true},"in2DMode":false,"pivot":{"x":-0.5670197606086731,"y":4.193398475646973,"z":-17.752910614013673},"rotation":{"x":-0.25744569301605227,"y":0.011875375173985958,"z":-0.0031773580703884365,"w":-0.9661727547645569},"size":12.12435531616211,"orthographic":false}