{"cameraMode":{"drawMode":0,"name":"Shaded","section":"Shading Mode"},"sceneLighting":true,"audioPlay":false,"sceneViewState":{"showFog":true,"showMaterialUpdate":false,"showSkybox":true,"showFlares":true,"showImageEffects":true,"showParticleSystems":true,"showVisualEffectGraphs":true,"m_FxEnabled":true},"in2DMode":false,"pivot":{"x":-0.4070073962211609,"y":3.0030100345611574,"z":-2.9728293418884279},"rotation":{"x":-0.13339844346046449,"y":-0.0062489560805261139,"z":0.0008433127077296376,"w":-0.9909970164299011},"size":7.902286529541016,"orthographic":false}