{"cameraMode":{"drawMode":0,"name":"Shaded","section":"Shading Mode"},"sceneLighting":true,"audioPlay":false,"sceneViewState":{"showFog":true,"showMaterialUpdate":false,"showSkybox":true,"showFlares":true,"showImageEffects":true,"showParticleSystems":true,"showVisualEffectGraphs":true,"m_FxEnabled":true},"in2DMode":false,"pivot":{"x":-0.07437734305858612,"y":-2.105088710784912,"z":-12.688169479370118},"rotation":{"x":-0.2496340572834015,"y":0.0005705588846467435,"z":-0.00016733427764847875,"w":-0.9683085083961487},"size":8.629494667053223,"orthographic":false}