{"cameraMode":{"drawMode":0,"name":"Shaded","section":"Shading Mode"},"sceneLighting":true,"audioPlay":false,"sceneViewState":{"showFog":true,"showMaterialUpdate":false,"showSkybox":true,"showFlares":true,"showImageEffects":true,"showParticleSystems":true,"showVisualEffectGraphs":true,"m_FxEnabled":true},"in2DMode":false,"pivot":{"x":-0.2607739567756653,"y":1.179722547531128,"z":-13.878072738647461},"rotation":{"x":-0.15863220393657685,"y":-0.0023782707285135986,"z":0.0003624297387432307,"w":-0.9873063564300537},"size":5.424745559692383,"orthographic":false}