{"cameraMode":{"drawMode":0,"name":"Shaded","section":"Shading Mode"},"sceneLighting":true,"audioPlay":false,"sceneViewState":{"showFog":true,"showMaterialUpdate":false,"showSkybox":true,"showFlares":true,"showImageEffects":true,"showParticleSystems":true,"showVisualEffectGraphs":true,"m_FxEnabled":true},"in2DMode":false,"pivot":{"x":0.7959185242652893,"y":5.055292129516602,"z":-18.00386619567871},"rotation":{"x":-0.37378132343292239,"y":0.036425985395908359,"z":-0.014705036766827107,"w":-0.9266440868377686},"size":8.629494667053223,"orthographic":false}