{"cameraMode":{"drawMode":0,"name":"Shaded","section":"Shading Mode"},"sceneLighting":true,"audioPlay":false,"sceneViewState":{"showFog":true,"showMaterialUpdate":false,"showSkybox":true,"showFlares":true,"showImageEffects":true,"showParticleSystems":true,"showVisualEffectGraphs":true,"m_FxEnabled":true},"in2DMode":false,"pivot":{"x":0.25923848152160647,"y":8.869643211364746,"z":-16.050125122070314},"rotation":{"x":-0.043784499168395999,"y":-0.016788672655820848,"z":0.0007477299077436328,"w":-0.9988574981689453},"size":7.902286529541016,"orthographic":false}