{"cameraMode":{"drawMode":0,"name":"Shaded","section":"Shading Mode"},"sceneLighting":true,"audioPlay":false,"sceneViewState":{"showFog":true,"showMaterialUpdate":false,"showSkybox":true,"showFlares":true,"showImageEffects":true,"showParticleSystems":true,"showVisualEffectGraphs":true,"m_FxEnabled":true},"in2DMode":false,"pivot":{"x":0.6418595910072327,"y":-0.9517999291419983,"z":-10.429167747497559},"rotation":{"x":-0.36429286003112795,"y":0.010046507231891156,"z":-0.003944901283830404,"w":-0.9311850666999817},"size":8.629494667053223,"orthographic":false}